{"stat.useItem.61":9,"stat.craftItem.102":16,"stat.craftItem.61":6,"stat.leaveGame":3,"stat.mineBlock.87":8,"stat.craftItem.339":15,"stat.mineBlock.13":12,"stat.mineBlock.16":104,"stat.mineBlock.15":22,"stat.mineBlock.18":93,"stat.mineBlock.17":24,"stat.swimOneCm":9174,"stat.jump":1239,"stat.fallOneCm":105316,"achievement.buildWorkBench":6,"stat.craftItem.1":10,"736751":3,"achievement.exploreAllBiomes":{"value":0,"progress":["Sunflower Plains","ForestHills","Roofed Forest","Extreme Hills+","River","Forest","Plains","Taiga","Extreme Hills","TaigaHills","Hell","Extreme Hills+ M"]},"stat.craftItem.5":92,"stat.damageTaken":-2147468219,"stat.mineBlock.4":2,"achievement.diamonds":2,"stat.mineBlock.3":17,"stat.mineBlock.1":686,"stat.mineBlock.61":3,"stat.useItem.54":2,"stat.flyOneCm":616486,"stat.useItem.50":42,"achievement.buildPickaxe":12,"stat.damageDealt":2715,"achievement.buildBetterPickaxe":10,"stat.mineBlock.129":1,"stat.mineBlock.73":22,"stat.killEntity.Pig":1,"stat.useItem.58":5,"stat.useItem.274":232,"stat.craftItem.263":1,"stat.walkOneCm":681200,"stat.craftItem.265":48,"stat.craftItem.266":22,"stat.craftItem.20":8,"stat.mineBlock.58":4,"stat.craftItem.257":1,"stat.entityKilledBy.Skeleton":1,"achievement.buildSword":2,"achievement.mineWood":23,"stat.killEntity.Squid":2,"stat.mineBlock.50":3,"stat.mineBlock.54":2,"stat.killEntity.Skeleton":2,"stat.craftItem.322":1,"stat.useItem.257":178,"stat.breakItem.274":1,"achievement.openInventory":168,"stat.killEntity.Chicken":1,"stat.craftItem.280":24,"stat.killEntity.Spider":1,"stat.mobKills":12,"alch_chest":1,"achievement.killEnemy":4,"achievement.buildFurnace":12,"stat.craftItem.274":2,"stat.craftItem.58":3,"stat.deaths":6,"achievement.acquireIron":42,"stat.drop":80,"stat.playOneMinute":262995,"stat.craftItem.50":60,"stat.useItem.4":47,"stat.craftItem.270":1,"stat.craftItem.54":3,"stat.useItem.3":1,"stat.killEntity.Zombie":5,"stat.useItem.270":5,"stat.useItem.13":8,"stat.diveOneCm":11873,"stat.mineBlock.31":8,"stat.craftItem.307":1,"stat.craftItem.308":1}