{
  "worldZones": {
    "-1": {
      "dimensionID": -1,
      "areaZones": [],
      "id": 3,
      "playerPermissions": {},
      "groupPermissions": {}
    },
    "0": {
      "dimensionID": 0,
      "areaZones": [],
      "id": 4,
      "playerPermissions": {},
      "groupPermissions": {}
    },
    "1": {
      "dimensionID": 1,
      "areaZones": [],
      "id": 2,
      "playerPermissions": {},
      "groupPermissions": {}
    }
  },
  "playerGroups": {
    "(1191e41a-1ff1-4507-9b54-9cb5f9aad617|PaarthRI)": [
      "players"
    ]
  },
  "id": 1,
  "playerPermissions": {
    "(fefefefe-fefe-fefe-fefe-fefefefefefe|$SERVER)": {
      "*": "true",
      "fe.internal.player.known": "true"
    },
    "(9ed909d8-ac8e-4615-9191-52a800ccf83f|KoreanwGlasses)": {
      "fe.internal.player.known": "true"
    },
    "(1191e41a-1ff1-4507-9b54-9cb5f9aad617|PaarthRI)": {
      "fe.internal.player.groups": "players"
    },
    "(fefefefe-fefe-fefe-fefe-fefefefefecc|$RCON)": {
      "*": "true",
      "fe.internal.player.known": "true"
    },
    "(fefefefe-fefe-fefe-fefe-fefefefefecb|$COMMANDBLOCK)": {
      "*": "true",
      "fe.internal.player.known": "true"
    }
  },
  "groupPermissions": {
    "_PLAYERS_": {
      "fe.remote.chat.send": "true",
      "fe.internal.group.priority": "1",
      "fe.internal.group": "true"
    },
    "_NPC_": {
      "fe.internal.group.name": "NPCs",
      "fe.internal.group.priority": "1",
      "fe.internal.group": "true"
    },
    "_FAKEPLAYERS_": {
      "fe.internal.group.priority": "15",
      "fe.internal.group": "true",
      "fe.protection.*": "true"
    },
    "_OPS_": {
      "fe.internal.prefix": "[\u0026cOP\u0026f]",
      "fe.internal.group.priority": "50",
      "fe.internal.group": "true"
    },
    "_ALL_": {
      "fe.remote.chat.send": "false",
      "some.test.permission": "true",
      "fe.internal.group.name": "players",
      "fe.internal.group.priority": "0",
      "fe.internal.group": "true"
    },
    "_CREATIVE_": {
      "fe.internal.group": "true"
    },
    "players": {
      "fe.teleport.tpa": "true",
      "fe.teleport.tpa.sendrequest": "true",
      "fe.internal.group.priority": "20",
      "fe.internal.group": "true",
      "fe.teleport.tpa.here": "true",
      "fe.teleport.home": "true",
      "fe.teleport.home.set": "true"
    },
    "_ADVENTURE_": {
      "fe.internal.group": "true"
    },
    "faction_rank_owner": {
      "fe.faction.members.*": "true",
      "fe.faction.leave": "false",
      "fe.faction.ally": "true",
      "fe.faction.friendlyfire": "true",
      "fe.faction.invite": "true",
      "fe.internal.group.parents": "faction_rank_op",
      "fe.faction.delete": "true"
    },
    "faction_rank_op": {
      "fe.faction.members.*": "true",
      "fe.faction.ally": "true",
      "fe.faction.friendlyfire": "true",
      "fe.faction.invite": "true"
    },
    "_GUESTS_": {
      "fe.internal.prefix": "[GUEST]",
      "fe.internal.group.priority": "10",
      "fe.internal.group": "true"
    }
  }
}