{"stat.useItem.61":9,"stat.craftItem.102":16,"stat.craftItem.61":6,"stat.leaveGame":2,"stat.mineBlock.87":8,"stat.craftItem.339":15,"stat.mineBlock.13":12,"stat.mineBlock.16":104,"stat.mineBlock.15":21,"stat.mineBlock.18":14,"stat.mineBlock.17":24,"stat.swimOneCm":8342,"stat.jump":1100,"stat.fallOneCm":105316,"achievement.buildWorkBench":6,"stat.craftItem.1":10,"736751":3,"achievement.exploreAllBiomes":{"value":0,"progress":["Sunflower Plains","ForestHills","Roofed Forest","Extreme Hills+","River","Forest","Plains","Taiga","Extreme Hills","TaigaHills","Hell","Extreme Hills+ M"]},"stat.craftItem.5":92,"stat.damageTaken":-2147468429,"stat.mineBlock.4":2,"achievement.diamonds":2,"stat.mineBlock.3":17,"stat.mineBlock.1":629,"stat.mineBlock.61":3,"stat.useItem.54":2,"stat.flyOneCm":360071,"stat.useItem.50":39,"achievement.buildPickaxe":10,"stat.damageDealt":2330,"achievement.buildBetterPickaxe":8,"stat.mineBlock.129":1,"stat.mineBlock.73":22,"stat.killEntity.Pig":1,"stat.useItem.58":5,"stat.useItem.274":232,"stat.craftItem.263":1,"stat.walkOneCm":561461,"stat.craftItem.265":48,"stat.craftItem.266":22,"stat.craftItem.20":8,"stat.mineBlock.58":4,"stat.craftItem.257":1,"achievement.buildSword":2,"achievement.mineWood":23,"stat.killEntity.Squid":2,"stat.mineBlock.50":3,"stat.mineBlock.54":2,"stat.killEntity.Skeleton":1,"stat.useItem.257":178,"stat.breakItem.274":1,"achievement.openInventory":138,"stat.killEntity.Chicken":1,"stat.craftItem.280":24,"stat.killEntity.Spider":1,"stat.mobKills":11,"alch_chest":1,"achievement.killEnemy":3,"achievement.buildFurnace":12,"stat.craftItem.274":2,"stat.craftItem.58":3,"stat.deaths":5,"achievement.acquireIron":42,"stat.drop":71,"stat.playOneMinute":199179,"stat.craftItem.50":40,"stat.useItem.4":28,"stat.craftItem.270":1,"stat.craftItem.54":3,"stat.useItem.3":1,"stat.killEntity.Zombie":5,"stat.useItem.270":5,"stat.useItem.13":8,"stat.diveOneCm":11873,"stat.mineBlock.31":8}