{"stat.useItem.61":5,"stat.craftItem.61":4,"stat.leaveGame":2,"stat.mineBlock.87":8,"stat.mineBlock.13":12,"stat.mineBlock.16":104,"stat.mineBlock.15":19,"stat.mineBlock.18":14,"stat.mineBlock.17":23,"stat.swimOneCm":6053,"stat.jump":1012,"stat.fallOneCm":105316,"achievement.buildWorkBench":6,"736751":3,"achievement.exploreAllBiomes":{"value":0,"progress":["Sunflower Plains","ForestHills","Roofed Forest","Extreme Hills+","River","Forest","Plains","Taiga","Extreme Hills","TaigaHills","Hell","Extreme Hills+ M"]},"stat.craftItem.5":92,"stat.damageTaken":-2147468509,"stat.mineBlock.4":2,"achievement.diamonds":1,"stat.mineBlock.3":17,"stat.mineBlock.1":601,"stat.mineBlock.61":1,"stat.useItem.54":2,"stat.flyOneCm":76638,"stat.useItem.50":33,"achievement.buildPickaxe":10,"stat.damageDealt":1770,"achievement.buildBetterPickaxe":8,"stat.mineBlock.73":22,"stat.killEntity.Pig":1,"stat.useItem.58":5,"stat.useItem.274":232,"stat.walkOneCm":477046,"stat.craftItem.265":32,"stat.craftItem.266":15,"stat.mineBlock.58":4,"stat.craftItem.257":1,"achievement.buildSword":2,"achievement.mineWood":22,"stat.mineBlock.50":1,"stat.killEntity.Skeleton":1,"stat.useItem.257":178,"stat.breakItem.274":1,"achievement.openInventory":92,"stat.killEntity.Chicken":1,"stat.craftItem.280":24,"stat.killEntity.Spider":1,"stat.mobKills":8,"achievement.killEnemy":2,"achievement.buildFurnace":8,"stat.craftItem.274":2,"stat.craftItem.58":3,"stat.deaths":5,"achievement.acquireIron":30,"stat.drop":48,"stat.playOneMinute":127443,"stat.craftItem.50":40,"stat.useItem.4":27,"stat.craftItem.270":1,"stat.craftItem.54":2,"stat.useItem.3":1,"stat.killEntity.Zombie":4,"stat.useItem.270":5,"stat.useItem.13":8,"stat.diveOneCm":8727,"stat.mineBlock.31":8}