{"stat.craftItem.69":2,"stat.useItem.355":2,"stat.craftItem.101":16,"stat.craftItem.102":16,"stat.craftItem.61":3,"stat.leaveGame":20,"dark_matter":1,"stat.mineBlock.14":15,"stat.mineBlock.13":23,"stat.mineBlock.16":113,"stat.mineBlock.15":55,"stat.craftItem.330":1,"stat.mineBlock.18":468,"stat.killEntity.PigZombie":1,"stat.mineBlock.17":55,"stat.swimOneCm":50550,"stat.climbOneCm":1629,"achievement.wrench":1,"achievement.buildWorkBench":4,"stat.craftItem.76":1,"stat.craftItem.77":2,"stat.craftItem.324":2,"stat.craftItem.325":1,"achievement.exploreAllBiomes":{"value":0,"progress":["Sunflower Plains","Savanna Plateau","ForestHills","Roofed Forest","Birch Forest","Flower Forest","Extreme Hills M","Plains","TaigaHills","Extreme Hills+ M","DesertHills","Extreme Hills+","River","Forest","Birch Forest Hills M","Ocean","Taiga","Desert","Extreme Hills","Swampland","Hell","Savanna"]},"stat.mineBlock.12":1,"stat.useItem.330":2,"stat.craftItem.366":1,"stat.craftItem.89":2,"stat.mineBlock.4":23,"stat.mineBlock.5":1,"stat.mineBlock.3":10,"stat.mineBlock.1":1331,"transmutation":2,"stat.killEntity.Enderman":3,"stat.flyOneCm":4135634,"stat.craftItem.351":13,"achievement.buildPickaxe":7,"stat.craftItem.355":1,"stat.craftItem.96":2,"achievement.buildBetterPickaxe":7,"achievement.woodenGear":1,"stat.mineBlock.129":10,"stat.craftItem.347":1,"red_matter":1,"stat.craftItem.20":7,"stat.craftItem.24":1,"stat.mineBlock.175":2,"stat.killEntity.Creeper":5,"stat.useItem.324":2,"stat.craftItem.35":3,"stat.entityKilledBy.Skeleton":4,"stat.craftItem.33":1,"achievement.buildSword":2,"achievement.mineWood":41,"stat.craftItem.406":7,"stat.useItem.89":30,"achievement.openInventory":982,"stat.mineBlock.161":4,"stat.craftItem.46":4,"collector":3,"stat.mineBlock.152":5,"stat.mineBlock.153":15,"stat.craftItem.313":1,"stat.entityKilledBy.Creeper":1,"achievement.killEnemy":60,"achievement.ironGear":1,"achievement.buildFurnace":2,"stat.craftItem.58":3,"stat.deaths":32,"stat.drop":141,"stat.craftItem.310":1,"stat.craftItem.311":1,"relay":2,"stat.craftItem.312":1,"stat.playOneMinute":1046207,"stat.craftItem.50":648,"stat.craftItem.57":1,"stat.craftItem.54":5,"stat.killEntity.Zombie":17,"stat.diveOneCm":13807,"stat.useItem.61":4,"stat.breakItem.257":1,"stat.killEntity.Ghast":6,"stat.mineBlock.81":1,"stat.mineBlock.87":1,"stat.useItem.69":8,"stat.mineBlock.86":1,"stat.mineBlock.89":35,"stat.useItem.76":2,"stat.useItem.77":2,"stat.jump":3093,"achievement.stoneGear":1,"stat.fallOneCm":30428,"stat.craftItem.1":12,"736750":55,"736751":11,"stat.mineBlock.69":6,"stat.craftItem.5":200,"dm_pick":1,"stat.damageTaken":10898,"alch_bag":1,"phil_stone":1,"condenser":1,"stat.useItem.49":51,"klein":3,"stat.useItem.54":3,"stat.useItem.50":933,"achievement.chunkDestroyer":1,"stat.entityKilledBy.Zombie":1,"stat.damageDealt":15820,"stat.entityKilledBy.Ghast":2,"stat.mineBlock.73":13,"stat.mineBlock.76":2,"stat.useItem.58":4,"stat.useItem.274":47,"stat.mineBlock.47":1,"stat.useItem.152":12,"stat.mineBlock.49":19,"stat.craftItem.263":65,"stat.useItem.275":7,"stat.craftItem.143":1,"stat.walkOneCm":3885887,"stat.craftItem.265":18,"stat.useItem.278":32,"stat.craftItem.266":1,"achievement.goldGear":1,"stat.craftItem.259":2,"achievement.stirlingEngine":1,"stat.mineBlock.58":2,"stat.craftItem.371":9,"achievement.redstoneEngine":1,"stat.craftItem.257":1,"stat.mineBlock.50":92,"stat.mineBlock.54":1,"stat.mineBlock.56":42,"stat.killEntity.Skeleton":22,"stat.useItem.257":251,"stat.useItem.259":2,"stat.killEntity.Chicken":3,"stat.craftItem.280":204,"stat.killEntity.Spider":6,"stat.mobKills":67,"stat.mineBlock.21":6,"alch_chest":1,"stat.craftItem.152":1,"stat.craftItem.274":1,"stat.useItem.6":3,"stat.mineBlock.38":4,"stat.craftItem.275":2,"stat.mineBlock.37":1,"stat.craftItem.155":1,"stat.craftItem.278":1,"stat.useItem.1":57,"stat.useItem.4":448,"stat.useItem.5":1,"achievement.diamondGear":1,"stat.useItem.13":10,"stat.mineBlock.31":9}