{"stat.useItem.274":139,"stat.walkOneCm":165321,"stat.useItem.61":7,"stat.craftItem.61":6,"stat.leaveGame":7,"stat.useItem.24":14,"stat.mineBlock.58":1,"stat.mineBlock.16":7,"stat.mineBlock.18":1,"stat.mineBlock.17":12,"stat.jump":408,"stat.swimOneCm":1994,"stat.useItem.324":1,"stat.fallOneCm":7722,"stat.entityKilledBy.Skeleton":1,"achievement.mineWood":9,"stat.craftItem.324":1,"achievement.exploreAllBiomes":{"value":0,"progress":["Extreme Hills+","River","Plains","Extreme Hills"]},"stat.mineBlock.24":15,"stat.killEntity.Skeleton":1,"stat.breakItem.270":2,"stat.craftItem.364":7,"stat.breakItem.274":1,"achievement.openInventory":14,"stat.craftItem.5":36,"stat.craftItem.280":12,"stat.damageTaken":530,"stat.mineBlock.5":1,"stat.mineBlock.1":158,"stat.mineBlock.61":1,"stat.mobKills":5,"stat.craftItem.273":1,"stat.flyOneCm":28191,"stat.craftItem.274":2,"stat.deaths":1,"stat.mineBlock.37":1,"stat.drop":1,"stat.useItem.50":12,"stat.playOneMinute":37178,"stat.craftItem.50":32,"stat.killEntity.Sheep":2,"stat.useItem.5":1,"stat.craftItem.270":1,"stat.damageDealt":320,"stat.killEntity.Zombie":1,"stat.useItem.270":105,"stat.diveOneCm":343,"stat.useItem.58":1}